{"v":"4.8.0","meta":{"g":"LottieFiles AE 1.0.0","a":"","k":"","d":"","tc":"#FFFFFF"},"fr":25,"ip":0,"op":61,"w":800,"h":388,"nm":"All","ddd":0,"assets":[],"layers":[{"ddd":0,"ind":1,"ty":4,"nm":"ellipes","sr":1,"ks":{"o":{"a":0,"k":100,"ix":11},"r":{"a":0,"k":0,"ix":10},"p":{"a":1,"k":[{"i":{"x":0.574,"y":0.574},"o":{"x":0.167,"y":0.167},"t":0,"s":[86.938,193.906,0],"to":[0,0,0],"ti":[0,0,0]},{"i":{"x":0.657,"y":0.657},"o":{"x":0.323,"y":0.323},"t":6.572,"s":[266.312,193.906,0],"to":[0,0,0],"ti":[0,0,0]},{"i":{"x":0.659,"y":0.659},"o":{"x":0.326,"y":0.326},"t":8.195,"s":[290.5,156.781,0],"to":[0,0,0],"ti":[0,0,0]},{"i":{"x":0.663,"y":0.662},"o":{"x":0.329,"y":0.329},"t":9.679,"s":[306.625,193.906,0],"to":[0,0,0],"ti":[0,0,0]},{"i":{"x":0.661,"y":0.66},"o":{"x":0.327,"y":0.327},"t":10.639,"s":[332.812,193.906,0],"to":[0,0,0],"ti":[0,0,0]},{"i":{"x":0.654,"y":0.654},"o":{"x":0.318,"y":0.318},"t":12.379,"s":[351.875,237.406,0],"to":[0,0,0],"ti":[0,0,0]},{"i":{"x":0.667,"y":0.667},"o":{"x":0.327,"y":0.327},"t":18.857,"s":[386,63.906,0],"to":[0,0,0],"ti":[0,0,0]},{"i":{"x":0.672,"y":0.672},"o":{"x":0.337,"y":0.337},"t":28.492,"s":[413.75,325.406,0],"to":[0,0,0],"ti":[0,0,0]},{"i":{"x":0.668,"y":0.668},"o":{"x":0.335,"y":0.335},"t":33.38,"s":[436.125,193.906,0],"to":[0,0,0],"ti":[0,0,0]},{"i":{"x":0.671,"y":0.671},"o":{"x":0.337,"y":0.337},"t":34.31,"s":[461.5,193.906,0],"to":[0,0,0],"ti":[0,0,0]},{"i":{"x":0.681,"y":0.681},"o":{"x":0.345,"y":0.345},"t":36.371,"s":[476,139.531,0],"to":[0,0,0],"ti":[0,0,0]},{"i":{"x":0.677,"y":0.677},"o":{"x":0.343,"y":0.343},"t":40.515,"s":[497,250.656,0],"to":[0,0,0],"ti":[0,0,0]},{"i":{"x":0.833,"y":0.833},"o":{"x":0.45,"y":0.45},"t":42.681,"s":[513.5,193.906,0],"to":[0,0,0],"ti":[0,0,0]},{"t":50,"s":[713.25,193.906,0]}],"ix":2},"a":{"a":0,"k":[-191.75,-29.25,0],"ix":1},"s":{"a":0,"k":[100,100,100],"ix":6}},"ao":0,"shapes":[{"ty":"gr","it":[{"d":1,"ty":"el","s":{"a":0,"k":[22,22],"ix":2},"p":{"a":0,"k":[0,0],"ix":3},"nm":"Ellipse Path 1","mn":"ADBE Vector Shape - Ellipse","hd":false},{"ty":"st","c":{"a":0,"k":[0.911803122128,0.929549931545,0.960784313725,1],"ix":3},"o":{"a":0,"k":100,"ix":4},"w":{"a":0,"k":0,"ix":5},"lc":1,"lj":1,"ml":4,"bm":0,"nm":"Stroke 1","mn":"ADBE Vector Graphic - Stroke","hd":false},{"ty":"fl","c":{"a":0,"k":[1,1,1,1],"ix":4},"o":{"a":0,"k":100,"ix":5},"r":1,"bm":0,"nm":"Fill 1","mn":"ADBE Vector Graphic - Fill","hd":false},{"ty":"tr","p":{"a":0,"k":[-191.75,-29.25],"ix":2},"a":{"a":0,"k":[0,0],"ix":1},"s":{"a":0,"k":[100,100],"ix":3},"r":{"a":0,"k":0,"ix":6},"o":{"a":0,"k":100,"ix":7},"sk":{"a":0,"k":0,"ix":4},"sa":{"a":0,"k":0,"ix":5},"nm":"Transform"}],"nm":"Ellipse 1","np":3,"cix":2,"bm":0,"ix":1,"mn":"ADBE Vector Group","hd":false}],"ip":0,"op":61,"st":0,"bm":0},{"ddd":0,"ind":2,"ty":4,"nm":"shape","sr":1,"ks":{"o":{"a":0,"k":100,"ix":11},"r":{"a":0,"k":0,"ix":10},"p":{"a":0,"k":[400,194,0],"ix":2},"a":{"a":0,"k":[0,0,0],"ix":1},"s":{"a":0,"k":[100,100,100],"ix":6}},"ao":0,"shapes":[{"ty":"gr","it":[{"ind":0,"ty":"sh","ix":1,"ks":{"a":0,"k":{"i":[[0,0],[0,0],[0,0],[0,0],[0,0],[0,0],[0,0],[0,0],[0,0],[0,0],[0,0],[0,0],[0,0],[0,0]],"o":[[0,0],[0,0],[0,0],[0,0],[0,0],[0,0],[0,0],[0,0],[0,0],[0,0],[0,0],[0,0],[0,0],[0,0]],"v":[[-313.063,-0.094],[-133.688,-0.094],[-109.5,-37.219],[-93.375,-0.094],[-67.188,-0.094],[-48.125,43.406],[-14,-130.094],[13.75,131.406],[36.125,-0.094],[61.5,-0.094],[76,-54.469],[97,56.656],[113.5,-0.094],[313.25,-0.094]],"c":false},"ix":2},"nm":"Path 1","mn":"ADBE Vector Shape - Group","hd":false},{"ty":"st","c":{"a":0,"k":[0.028127642239,0.028127642239,0.23137254902,1],"ix":3},"o":{"a":0,"k":100,"ix":4},"w":{"a":0,"k":15,"ix":5},"lc":2,"lj":2,"bm":0,"nm":"Stroke 1","mn":"ADBE Vector Graphic - Stroke","hd":false},{"ty":"tr","p":{"a":0,"k":[0,0],"ix":2},"a":{"a":0,"k":[0,0],"ix":1},"s":{"a":0,"k":[100,100],"ix":3},"r":{"a":0,"k":0,"ix":6},"o":{"a":0,"k":100,"ix":7},"sk":{"a":0,"k":0,"ix":4},"sa":{"a":0,"k":0,"ix":5},"nm":"Transform"}],"nm":"Shape 1","np":3,"cix":2,"bm":0,"ix":1,"mn":"ADBE Vector Group","hd":false},{"ty":"tm","s":{"a":1,"k":[{"i":{"x":[0.833],"y":[0.833]},"o":{"x":[0.167],"y":[0.167]},"t":7,"s":[0]},{"t":59,"s":[100]}],"ix":1},"e":{"a":1,"k":[{"i":{"x":[0.833],"y":[0.833]},"o":{"x":[0.167],"y":[0.167]},"t":0,"s":[0]},{"t":50,"s":[100]}],"ix":2},"o":{"a":0,"k":0,"ix":3},"m":1,"ix":2,"nm":"Trim Paths 1","mn":"ADBE Vector Filter - Trim","hd":false}],"ip":0,"op":61,"st":0,"bm":0},{"ddd":0,"ind":3,"ty":4,"nm":"blur","sr":1,"ks":{"o":{"a":0,"k":100,"ix":11},"r":{"a":0,"k":0,"ix":10},"p":{"a":1,"k":[{"i":{"x":0.574,"y":0.574},"o":{"x":0.167,"y":0.167},"t":0,"s":[86.938,193.906,0],"to":[0,0,0],"ti":[0,0,0]},{"i":{"x":0.657,"y":0.657},"o":{"x":0.323,"y":0.323},"t":6.572,"s":[266.312,193.906,0],"to":[0,0,0],"ti":[0,0,0]},{"i":{"x":0.659,"y":0.659},"o":{"x":0.326,"y":0.326},"t":8.195,"s":[290.5,156.781,0],"to":[0,0,0],"ti":[0,0,0]},{"i":{"x":0.663,"y":0.662},"o":{"x":0.329,"y":0.329},"t":9.679,"s":[306.625,193.906,0],"to":[0,0,0],"ti":[0,0,0]},{"i":{"x":0.661,"y":0.66},"o":{"x":0.327,"y":0.327},"t":10.639,"s":[332.812,193.906,0],"to":[0,0,0],"ti":[0,0,0]},{"i":{"x":0.654,"y":0.654},"o":{"x":0.318,"y":0.318},"t":12.379,"s":[351.875,237.406,0],"to":[0,0,0],"ti":[0,0,0]},{"i":{"x":0.667,"y":0.667},"o":{"x":0.327,"y":0.327},"t":18.857,"s":[386,63.906,0],"to":[0,0,0],"ti":[0,0,0]},{"i":{"x":0.672,"y":0.672},"o":{"x":0.337,"y":0.337},"t":28.492,"s":[413.75,325.406,0],"to":[0,0,0],"ti":[0,0,0]},{"i":{"x":0.668,"y":0.668},"o":{"x":0.335,"y":0.335},"t":33.38,"s":[436.125,193.906,0],"to":[0,0,0],"ti":[0,0,0]},{"i":{"x":0.671,"y":0.671},"o":{"x":0.337,"y":0.337},"t":34.31,"s":[461.5,193.906,0],"to":[0,0,0],"ti":[0,0,0]},{"i":{"x":0.681,"y":0.681},"o":{"x":0.345,"y":0.345},"t":36.371,"s":[476,139.531,0],"to":[0,0,0],"ti":[0,0,0]},{"i":{"x":0.677,"y":0.677},"o":{"x":0.343,"y":0.343},"t":40.515,"s":[497,250.656,0],"to":[0,0,0],"ti":[0,0,0]},{"i":{"x":0.833,"y":0.833},"o":{"x":0.45,"y":0.45},"t":42.681,"s":[513.5,193.906,0],"to":[0,0,0],"ti":[0,0,0]},{"t":50,"s":[713.25,193.906,0]}],"ix":2},"a":{"a":0,"k":[-191.75,-29.25,0],"ix":1},"s":{"a":0,"k":[100,100,100],"ix":6}},"ao":0,"ef":[{"ty":29,"nm":"Gaussian Blur","np":5,"mn":"ADBE Gaussian Blur 2","ix":1,"en":1,"ef":[{"ty":0,"nm":"Blurriness","mn":"ADBE Gaussian Blur 2-0001","ix":1,"v":{"a":0,"k":8,"ix":1}},{"ty":7,"nm":"Blur Dimensions","mn":"ADBE Gaussian Blur 2-0002","ix":2,"v":{"a":0,"k":1,"ix":2}},{"ty":7,"nm":"Repeat Edge Pixels","mn":"ADBE Gaussian Blur 2-0003","ix":3,"v":{"a":0,"k":0,"ix":3}}]}],"shapes":[{"ty":"gr","it":[{"d":1,"ty":"el","s":{"a":0,"k":[22,22],"ix":2},"p":{"a":0,"k":[0,0],"ix":3},"nm":"Ellipse Path 1","mn":"ADBE Vector Shape - Ellipse","hd":false},{"ty":"st","c":{"a":0,"k":[0.911803122128,0.929549931545,0.960784313725,1],"ix":3},"o":{"a":0,"k":100,"ix":4},"w":{"a":0,"k":0,"ix":5},"lc":1,"lj":1,"ml":4,"bm":0,"nm":"Stroke 1","mn":"ADBE Vector Graphic - Stroke","hd":false},{"ty":"fl","c":{"a":0,"k":[0.565536379347,0.565536379347,0.635294117647,1],"ix":4},"o":{"a":0,"k":90,"ix":5},"r":1,"bm":0,"nm":"Fill 1","mn":"ADBE Vector Graphic - Fill","hd":false},{"ty":"tr","p":{"a":0,"k":[-191.75,-29.25],"ix":2},"a":{"a":0,"k":[0,0],"ix":1},"s":{"a":0,"k":[100,100],"ix":3},"r":{"a":0,"k":0,"ix":6},"o":{"a":0,"k":100,"ix":7},"sk":{"a":0,"k":0,"ix":4},"sa":{"a":0,"k":0,"ix":5},"nm":"Transform"}],"nm":"Ellipse 1","np":3,"cix":2,"bm":0,"ix":1,"mn":"ADBE Vector Group","hd":false}],"ip":0,"op":61,"st":0,"bm":0},{"ddd":0,"ind":4,"ty":4,"nm":"blur","sr":1,"ks":{"o":{"a":0,"k":100,"ix":11},"r":{"a":0,"k":0,"ix":10},"p":{"a":0,"k":[400,194,0],"ix":2},"a":{"a":0,"k":[0,0,0],"ix":1},"s":{"a":0,"k":[100,100,100],"ix":6}},"ao":0,"ef":[{"ty":29,"nm":"Gaussian Blur","np":5,"mn":"ADBE Gaussian Blur 2","ix":1,"en":1,"ef":[{"ty":0,"nm":"Blurriness","mn":"ADBE Gaussian Blur 2-0001","ix":1,"v":{"a":0,"k":8,"ix":1}},{"ty":7,"nm":"Blur Dimensions","mn":"ADBE Gaussian Blur 2-0002","ix":2,"v":{"a":0,"k":1,"ix":2}},{"ty":7,"nm":"Repeat Edge Pixels","mn":"ADBE Gaussian Blur 2-0003","ix":3,"v":{"a":0,"k":0,"ix":3}}]}],"shapes":[{"ty":"gr","it":[{"ind":0,"ty":"sh","ix":1,"ks":{"a":0,"k":{"i":[[0,0],[0,0],[0,0],[0,0],[0,0],[0,0],[0,0],[0,0],[0,0],[0,0],[0,0],[0,0],[0,0],[0,0]],"o":[[0,0],[0,0],[0,0],[0,0],[0,0],[0,0],[0,0],[0,0],[0,0],[0,0],[0,0],[0,0],[0,0],[0,0]],"v":[[-313.063,-0.094],[-133.688,-0.094],[-109.5,-37.219],[-93.375,-0.094],[-67.188,-0.094],[-48.125,43.406],[-14,-130.094],[13.75,131.406],[36.125,-0.094],[61.5,-0.094],[76,-54.469],[97,56.656],[113.5,-0.094],[313.25,-0.094]],"c":false},"ix":2},"nm":"Path 1","mn":"ADBE Vector Shape - Group","hd":false},{"ty":"st","c":{"a":0,"k":[0.027450982262,0.027450982262,0.231372563979,1],"ix":3},"o":{"a":0,"k":100,"ix":4},"w":{"a":0,"k":15,"ix":5},"lc":2,"lj":2,"bm":0,"nm":"Stroke 1","mn":"ADBE Vector Graphic - Stroke","hd":false},{"ty":"tr","p":{"a":0,"k":[0,0],"ix":2},"a":{"a":0,"k":[0,0],"ix":1},"s":{"a":0,"k":[100,100],"ix":3},"r":{"a":0,"k":0,"ix":6},"o":{"a":0,"k":100,"ix":7},"sk":{"a":0,"k":0,"ix":4},"sa":{"a":0,"k":0,"ix":5},"nm":"Transform"}],"nm":"Shape 1","np":3,"cix":2,"bm":0,"ix":1,"mn":"ADBE Vector Group","hd":false},{"ty":"tm","s":{"a":1,"k":[{"i":{"x":[0.833],"y":[0.833]},"o":{"x":[0.167],"y":[0.167]},"t":7,"s":[0]},{"t":59,"s":[100]}],"ix":1},"e":{"a":1,"k":[{"i":{"x":[0.833],"y":[0.833]},"o":{"x":[0.167],"y":[0.167]},"t":0,"s":[0]},{"t":50,"s":[100]}],"ix":2},"o":{"a":0,"k":0,"ix":3},"m":1,"ix":2,"nm":"Trim Paths 1","mn":"ADBE Vector Filter - Trim","hd":false}],"ip":0,"op":61,"st":0,"bm":0},{"ddd":0,"ind":5,"ty":4,"nm":"bg","sr":1,"ks":{"o":{"a":0,"k":100,"ix":11},"r":{"a":0,"k":0,"ix":10},"p":{"a":0,"k":[400,194,0],"ix":2},"a":{"a":0,"k":[0,0,0],"ix":1},"s":{"a":0,"k":[100,100,100],"ix":6}},"ao":0,"shapes":[{"ty":"gr","it":[{"ind":0,"ty":"sh","ix":1,"ks":{"a":0,"k":{"i":[[0,0],[0,0],[0,0],[0,0],[0,0],[0,0],[0,0],[0,0],[0,0],[0,0],[0,0],[0,0],[0,0],[0,0]],"o":[[0,0],[0,0],[0,0],[0,0],[0,0],[0,0],[0,0],[0,0],[0,0],[0,0],[0,0],[0,0],[0,0],[0,0]],"v":[[-313.063,-0.094],[-133.688,-0.094],[-109.5,-37.219],[-93.375,-0.094],[-67.188,-0.094],[-48.125,43.406],[-14,-130.094],[13.75,131.406],[36.125,-0.094],[61.5,-0.094],[76,-54.469],[97,56.656],[113.5,-0.094],[313.25,-0.094]],"c":false},"ix":2},"nm":"Path 1","mn":"ADBE Vector Shape - Group","hd":false},{"ty":"st","c":{"a":0,"k":[0.923091095569,0.923091095569,0.964705882353,1],"ix":3},"o":{"a":0,"k":100,"ix":4},"w":{"a":0,"k":15,"ix":5},"lc":2,"lj":2,"bm":0,"nm":"Stroke 1","mn":"ADBE Vector Graphic - Stroke","hd":false},{"ty":"tr","p":{"a":0,"k":[0,0],"ix":2},"a":{"a":0,"k":[0,0],"ix":1},"s":{"a":0,"k":[100,100],"ix":3},"r":{"a":0,"k":0,"ix":6},"o":{"a":0,"k":100,"ix":7},"sk":{"a":0,"k":0,"ix":4},"sa":{"a":0,"k":0,"ix":5},"nm":"Transform"}],"nm":"Shape 1","np":3,"cix":2,"bm":0,"ix":1,"mn":"ADBE Vector Group","hd":false},{"ty":"tm","s":{"a":0,"k":0,"ix":1},"e":{"a":0,"k":100,"ix":2},"o":{"a":0,"k":0,"ix":3},"m":1,"ix":2,"nm":"Trim Paths 1","mn":"ADBE Vector Filter - Trim","hd":false}],"ip":0,"op":61,"st":0,"bm":0}],"markers":[]}